{"model": "RNN", "benchmark": "CED1", "meta": {"LR": 0.001, "n_re": 10, "n_hs": [2, 4, 8, 16, 32], "n_look": [2, 4, 8, 16, 32], "n_opt": 20000, "batch_len": null}, "nh_xval": 2, "look_xval": 16, "theta": {"params": {"Dense_0": {"bias": [0.673983633518219], "kernel": [[-0.6473364233970642], [-2.706800699234009]]}, "RNNCell_0": {"Dense_0": {"bias": [0.28995397686958313, -0.00377849955111742], "kernel": [[0.33074837923049927, 0.07885723561048508], [-2.8172125816345215, 0.9690940380096436]]}, "Dense_1": {"bias": [0.28995397686958313, -0.00377849955111742], "kernel": [[-0.13321034610271454, 0.0165372546762228], [0.22589275240898132, -0.024088095873594284], [-0.1612149327993393, 0.019617276266217232], [0.20665045082569122, -0.031204048544168472], [0.23877613246440887, -0.032691020518541336], [-0.02221432328224182, -0.019144026562571526], [0.17620204389095306, -0.03393483906984329], [0.027663597837090492, -0.00835089199244976], [0.007637787610292435, -0.004355445969849825], [-0.08654092997312546, 0.015404069796204567], [0.024490531533956528, -0.009778457693755627], [0.04025518149137497, 0.001532435417175293], [-0.1821332573890686, 0.027086986228823662], [-0.02095772512257099, 0.00809082668274641], [-0.2705032527446747, 0.05105039104819298], [0.3493058681488037, -0.07048294693231583]]}}}}, "test_1": {"yhat": [0.742224395275116, 0.3965127766132355, 0.2317413091659546, 0.19283735752105713, 0.3384588062763214, 0.25329670310020447, 0.1737787276506424, 0.10873804241418839, 0.05763038992881775, 0.023640373721718788, 0.03774331882596016, 0.060373831540346146, 0.06572168320417404, 0.0759267508983612, 0.11468259990215302, 0.15214169025421143, 0.15419402718544006, 0.19287346303462982, 0.20468658208847046, 0.16061872243881226, 0.1436581015586853, 0.12819606065750122, 0.10245487838983536, 0.09364831447601318, 0.09995392709970474, 0.09466791898012161, 0.06402003020048141, 0.05496217682957649, 0.041475117206573486, 0.013183754868805408, 0.05525416508316994, 0.10988800972700119, 0.15824748575687408, 0.1974474936723709, 0.20845644176006317, 0.18771310150623322, 0.14640745520591736, 0.10753975063562393, 0.07432632148265839, 0.06308288127183914, 0.07160204648971558, 0.09081821888685226, 0.09196097403764725, 0.09234604984521866, 0.09541929513216019, 0.0721382349729538, 0.0640234425663948, 0.06112232059240341, 0.06192424148321152, 0.06364939361810684, 0.07396750152111053, 0.05546226352453232, 0.05866587534546852, 0.054505154490470886, 0.04002448916435242, 0.07350142300128937, 0.1286613494157791, 0.18303339183330536, 0.2257630079984665, 0.2332915961742401, 0.20980335772037506, 0.15152253210544586, 0.10748395323753357, 0.06859129667282104, 0.025349250063300133, 0.07470377534627914, 0.1671292781829834, 0.2727526128292084, 0.3644753098487854, 0.4278656244277954, 0.34894564747810364, 0.22428388893604279, 0.12641693651676178, 0.05264989286661148, -0.018381983041763306, 0.07629934698343277, 0.23937781155109406, 0.47894951701164246, 0.7696065306663513, 1.1139533519744873, 1.3056222200393677, 1.4651603698730469, 1.5113248825073242, 1.515798807144165, 1.3310579061508179], "rmse": 0.09602186715964645}}