{"model": "FIR_MLP", "benchmark": "CED2", "meta": {"LR": 0.001, "n_re": 10, "n_hs": [2, 4, 8, 16, 32], "n_look": [2, 4, 8, 16, 32], "n_opt": 20000, "batch_len": null}, "nh_xval": 2, "look_xval": 32, "theta": {"params": {"Dense_0": {"bias": [-2.036820888519287, -0.3909784257411957], "kernel": [[-0.08323635160923004, 2.125692367553711], [-0.024536684155464172, 1.4895623922348022], [-0.0024158908054232597, 0.8804740905761719], [0.030815277248620987, 0.014626297168433666], [0.06865347176790237, -0.3693667948246002], [0.09862807393074036, -0.34925031661987305], [0.17504997551441193, -0.6034407615661621], [0.21397846937179565, 0.10821320861577988], [0.21573491394519806, -0.13936303555965424], [0.17822745442390442, -0.49310410022735596], [0.12897798418998718, -0.6520943641662598], [0.09576337039470673, -0.6450359225273132], [0.12378273904323578, -1.656976580619812], [0.06595472991466522, -1.0269088745117188], [0.049114253371953964, -0.6519432663917542], [0.04283756762742996, -0.568603515625], [0.031147858127951622, -0.23987315595149994], [0.04250584915280342, -0.04614591225981712], [0.04777657613158226, 0.37426817417144775], [0.04343372955918312, 0.7659306526184082], [0.010651287622749805, 1.043452501296997], [0.041825126856565475, 0.20385469496250153], [0.07013479620218277, -0.6959632635116577], [0.035962723195552826, -0.1542109251022339], [0.029158752411603928, 0.0870053842663765], [0.009641962125897408, 0.2671549618244171], [0.014444447122514248, 0.1604274958372116], [-0.08465386182069778, 2.3294694423675537], [0.0030837925150990486, 0.12002913653850555], [0.02472798340022564, -0.49092036485671997], [0.03914021700620651, -0.35089823603630066], [0.055344484746456146, 0.276461124420166]]}, "Dense_1": {"bias": [1.2622931003570557], "kernel": [[1.3268998861312866], [0.040260206907987595]]}}}, "test_1": {"yhat": [0.18466699123382568, -0.027395814657211304, -0.04963101074099541, -0.024930352345108986, 0.03655462712049484, -0.013339424505829811, 0.14091087877750397, 0.1883692443370819, 0.21467038989067078, 0.25135496258735657, 0.2887759506702423, 0.3029663562774658, 0.30681344866752625, 0.29780441522598267, 0.2117536962032318, 0.20442093908786774, 0.2620678246021271, 0.3386370837688446, 0.40184617042541504, 0.42682749032974243, 0.4059220254421234, 0.3770502805709839, 0.33096587657928467, 0.28593915700912476, 0.24399784207344055, 0.2047588974237442, 0.19863629341125488, 0.23483674228191376, 0.2689380943775177, 0.319411963224411, 0.36515387892723083, 0.361734539270401, 0.3488549292087555, 0.3258635103702545, 0.35349032282829285, 0.36988672614097595, 0.3552807569503784, 0.3567585051059723, 0.37209364771842957, 0.4048377573490143, 0.4309254586696625, 0.42615291476249695, 0.4958803355693817, 0.5508551001548767, 0.6204471588134766, 0.6039379239082336, 0.5561777353286743, 0.49067822098731995, 0.4579751491546631, 0.393565833568573, 0.4517970681190491, 0.5563189387321472, 0.6838385462760925, 0.7733104228973389, 0.8719939589500427, 0.8020765781402588, 0.7235558032989502, 0.6330136060714722, 0.5918939709663391, 0.6069647073745728, 0.7233960628509521, 0.9293822646141052, 1.2245209217071533, 1.54640531539917, 1.8097426891326904, 2.090031862258911, 2.466094732284546, 2.4781482219696045, 2.502562999725342], "rmse": 0.09454051441734881}}