{"model": "RNN", "benchmark": "CED2", "meta": {"LR": 0.001, "n_re": 10, "n_hs": [2, 4, 8, 16, 32], "n_look": [2, 4, 8, 16, 32], "n_opt": 20000, "batch_len": null}, "nh_xval": 2, "look_xval": 8, "theta": {"params": {"Dense_0": {"bias": [0.27690163254737854], "kernel": [[-0.9166937470436096], [-1.0200570821762085]]}, "RNNCell_0": {"Dense_0": {"bias": [-0.06375788897275925, 0.1692471206188202], "kernel": [[0.9917491674423218, 0.1038409024477005], [0.13730792701244354, 0.749415934085846]]}, "Dense_1": {"bias": [-0.06375788897275925, 0.1692471206188202], "kernel": [[0.11234257370233536, -0.06420762836933136], [-0.29454201459884644, 0.1975138783454895], [0.029965829104185104, 0.02730693854391575], [0.36413949728012085, -0.3196362257003784], [-0.13113968074321747, 0.020368801429867744], [0.09226188063621521, -0.1194378212094307], [-0.07431825250387192, -0.037614285945892334], [0.01648755744099617, -0.06195155903697014]]}}}}, "test_1": {"yhat": [1.1460140943527222, 1.1678369045257568, 1.0030585527420044, 0.7620382905006409, 0.43845996260643005, 0.1965494155883789, 0.045628540217876434, 0.007634161971509457, -0.041916850954294205, 0.024070849642157555, 0.09470966458320618, 0.1118089109659195, 0.12780076265335083, 0.13324545323848724, 0.15597045421600342, 0.17916539311408997, 0.19059748947620392, 0.19623497128486633, 0.23520025610923767, 0.20494328439235687, 0.1805495023727417, 0.18803918361663818, 0.17241588234901428, 0.11993943899869919, 0.12818655371665955, 0.13006706535816193, 0.08510646969079971, 0.08660823851823807, 0.0796586126089096, 0.13362830877304077, 0.19613023102283478, 0.22876180708408356, 0.24625280499458313, 0.2135443091392517, 0.25304996967315674, 0.28231343626976013, 0.2788931131362915, 0.30676698684692383, 0.3706974685192108, 0.42313265800476074, 0.5012880563735962, 0.5520893335342407, 0.5507227182388306, 0.5470866560935974, 0.4743176996707916, 0.3959135413169861, 0.3533461391925812, 0.32304033637046814, 0.3022114038467407, 0.2821485102176666, 0.26430433988571167, 0.25252702832221985, 0.24700883030891418, 0.24166813492774963, 0.2436705380678177, 0.24638105928897858, 0.2463931292295456, 0.24682985246181488, 0.19784170389175415, 0.23980949819087982, 0.27253594994544983, 0.26465269923210144, 0.29312294721603394, 0.3576548397541046, 0.4184435307979584, 0.5080284476280212, 0.566006064414978, 0.5688532590866089, 0.5040255188941956, 0.47414538264274597, 0.4265636205673218, 0.3819979727268219, 0.403005450963974, 0.5034670829772949, 0.5827412009239197, 0.7200683355331421, 0.7974929809570312, 0.7791309356689453, 0.6325194239616394, 0.5568565726280212, 0.4609874486923218, 0.36024653911590576, 0.3921110928058624, 0.44640493392944336, 0.6891157031059265, 1.0023382902145386, 1.2523748874664307, 1.4614808559417725, 1.6431092023849487, 1.8060133457183838, 1.956009864807129, 2.096893310546875, 2.2309956550598145], "rmse": 0.23488895823461312}}